"stringId_A"	"stringId_B"	"preferredName_A"	"preferredName_B"	"ncbiTaxonId"	"score"	"nscore"	"fscore"	"pscore"	"ascore"	"escore"	"dscore"	"tscore"
"9606.ENSP00000001008"	"9606.ENSP00000273130"	"FKBP4"	"DYNC1LI1"	9606	0.425	0	0	0	0.06	0	0.4	0.064
"9606.ENSP00000001008"	"9606.ENSP00000477310"	"FKBP4"	"DYNLL2"	9606	0.446	0	0	0	0.092	0	0.4	0.065
"9606.ENSP00000001008"	"9606.ENSP00000401197"	"FKBP4"	"USP19"	9606	0.49	0	0	0	0.062	0.452	0	0.086
"9606.ENSP00000001008"	"9606.ENSP00000355231"	"FKBP4"	"BECN1"	9606	0.536	0	0	0	0.056	0.076	0	0.511
"9606.ENSP00000001008"	"9606.ENSP00000262839"	"FKBP4"	"TRPC5"	9606	0.624	0	0	0	0	0.328	0	0.463
"9606.ENSP00000001008"	"9606.ENSP00000437125"	"FKBP4"	"HSPA8"	9606	0.942	0	0	0	0.174	0.093	0.5	0.863
"9606.ENSP00000156109"	"9606.ENSP00000264198"	"GPKOW"	"MUL1"	9606	0.442	0	0	0	0.442	0	0	0
"9606.ENSP00000156109"	"9606.ENSP00000418823"	"GPKOW"	"FTO"	9606	0.483	0	0	0	0.049	0	0	0.479
"9606.ENSP00000205557"	"9606.ENSP00000314508"	"ABCC6"	"GBA"	9606	0.412	0	0	0	0	0	0	0.412
"9606.ENSP00000205557"	"9606.ENSP00000411471"	"ABCC6"	"ABCF3"	9606	0.563	0.042	0	0	0.054	0.054	0	0.551
"9606.ENSP00000216264"	"9606.ENSP00000314508"	"CERK"	"GBA"	9606	0.934	0	0	0	0	0	0.9	0.367
"9606.ENSP00000217420"	"9606.ENSP00000384551"	"SLC32A1"	"NXPH1"	9606	0.402	0	0	0	0.281	0	0	0.203
"9606.ENSP00000217420"	"9606.ENSP00000352544"	"SLC32A1"	"CPLX2"	9606	0.428	0	0	0	0.311	0	0	0.203
"9606.ENSP00000217420"	"9606.ENSP00000301908"	"SLC32A1"	"PNOC"	9606	0.443	0	0	0	0.067	0	0	0.428
"9606.ENSP00000217420"	"9606.ENSP00000377854"	"SLC32A1"	"LHX6"	9606	0.498	0	0	0	0.067	0	0	0.484
"9606.ENSP00000217420"	"9606.ENSP00000437125"	"SLC32A1"	"HSPA8"	9606	0.808	0	0	0	0	0.045	0.8	0.079
"9606.ENSP00000217420"	"9606.ENSP00000350928"	"SLC32A1"	"GAD1"	9606	0.977	0	0	0	0.228	0	0.5	0.946
"9606.ENSP00000217420"	"9606.ENSP00000365437"	"SLC32A1"	"GAD2"	9606	0.987	0	0	0	0.307	0	0.5	0.966
"9606.ENSP00000220509"	"9606.ENSP00000355231"	"VPS18"	"BECN1"	9606	0.444	0	0	0	0.049	0.1	0	0.403
"9606.ENSP00000221130"	"9606.ENSP00000264867"	"GSR"	"PPARGC1A"	9606	0.403	0	0	0	0	0	0	0.403
"9606.ENSP00000221130"	"9606.ENSP00000443459"	"GSR"	"BCAT1"	9606	0.519	0	0	0	0.055	0	0.385	0.239
"9606.ENSP00000221130"	"9606.ENSP00000245206"	"GSR"	"GOT2"	9606	0.536	0	0	0	0.094	0	0.126	0.46
"9606.ENSP00000221130"	"9606.ENSP00000320171"	"GSR"	"PKM"	9606	0.546	0.054	0	0	0.121	0	0.285	0.327
"9606.ENSP00000221130"	"9606.ENSP00000359539"	"GSR"	"GOT1"	9606	0.595	0	0	0	0.094	0.162	0.126	0.461
"9606.ENSP00000221130"	"9606.ENSP00000478931"	"GSR"	"AIFM2"	9606	0.63	0.057	0	0	0.075	0.046	0.265	0.488
"9606.ENSP00000225298"	"9606.ENSP00000398597"	"UTP18"	"EXOSC6"	9606	0.693	0	0	0	0.142	0.319	0.4	0.227
"9606.ENSP00000225298"	"9606.ENSP00000267425"	"UTP18"	"NOP9"	9606	0.749	0	0	0	0.42	0.095	0.54	0.086
"9606.ENSP00000225972"	"9606.ENSP00000312066"	"LRRC59"	"SRP68"	9606	0.405	0	0	0	0.182	0.292	0	0.055
"9606.ENSP00000225972"	"9606.ENSP00000480150"	"LRRC59"	"HYOU1"	9606	0.408	0	0	0	0.233	0.148	0	0.166
"9606.ENSP00000229268"	"9606.ENSP00000358674"	"USP5"	"UBL4A"	9606	0.424	0	0	0	0.087	0.237	0	0.24
"9606.ENSP00000229268"	"9606.ENSP00000401197"	"USP5"	"USP19"	9606	0.479	0	0	0	0.188	0.067	0	0.368
"9606.ENSP00000229268"	"9606.ENSP00000354621"	"USP5"	"SMURF1"	9606	0.814	0	0	0	0.044	0.571	0	0.584
"9606.ENSP00000233575"	"9606.ENSP00000477213"	"SNX17"	"APBB1"	9606	0.618	0	0	0	0.054	0	0	0.613
"9606.ENSP00000234396"	"9606.ENSP00000246062"	"ATP6V1B1"	"MKKS"	9606	0.474	0	0	0	0.399	0.091	0	0.116
"9606.ENSP00000234396"	"9606.ENSP00000262030"	"ATP6V1B1"	"ATP5F1B"	9606	0.942	0	0	0	0.11	0.074	0.925	0.181
"9606.ENSP00000234396"	"9606.ENSP00000264649"	"ATP6V1B1"	"ATP6V0A1"	9606	0.999	0.095	0	0	0.367	0.956	0.828	0.899
"9606.ENSP00000239032"	"9606.ENSP00000303522"	"PRLHR"	"TACR1"	9606	0.41	0	0	0	0.063	0.045	0	0.394
"9606.ENSP00000245206"	"9606.ENSP00000443459"	"GOT2"	"BCAT1"	9606	0.431	0	0	0	0.057	0	0	0.421
"9606.ENSP00000245206"	"9606.ENSP00000437125"	"GOT2"	"HSPA8"	9606	0.448	0	0	0	0.083	0.309	0	0.198
"9606.ENSP00000245206"	"9606.ENSP00000264867"	"GOT2"	"PPARGC1A"	9606	0.486	0	0	0	0.103	0	0	0.45
"9606.ENSP00000245206"	"9606.ENSP00000262030"	"GOT2"	"ATP5F1B"	9606	0.528	0	0	0	0.369	0	0	0.283
"9606.ENSP00000245206"	"9606.ENSP00000330200"	"GOT2"	"BTNL9"	9606	0.548	0	0	0	0.055	0	0	0.542
"9606.ENSP00000245206"	"9606.ENSP00000320171"	"GOT2"	"PKM"	9606	0.553	0	0	0	0.169	0.049	0	0.48
"9606.ENSP00000245206"	"9606.ENSP00000310668"	"GOT2"	"NUP93"	9606	0.693	0	0	0	0.136	0.501	0	0.347
"9606.ENSP00000245206"	"9606.ENSP00000356972"	"GOT2"	"NDUFS2"	9606	0.802	0	0	0	0.682	0.095	0	0.367
"9606.ENSP00000245206"	"9606.ENSP00000365437"	"GOT2"	"GAD2"	9606	0.831	0	0	0	0.055	0	0.8	0.179
"9606.ENSP00000245206"	"9606.ENSP00000350928"	"GOT2"	"GAD1"	9606	0.837	0	0	0	0.057	0	0.8	0.206
"9606.ENSP00000245206"	"9606.ENSP00000359539"	"GOT2"	"GOT1"	9606	0.982	0	0	0.073	0.743	0.085	0.9	0.327
"9606.ENSP00000246062"	"9606.ENSP00000480150"	"MKKS"	"HYOU1"	9606	0.403	0.043	0	0	0.291	0.126	0	0.113
"9606.ENSP00000246062"	"9606.ENSP00000437125"	"MKKS"	"HSPA8"	9606	0.607	0.043	0	0	0.299	0.354	0	0.198
"9606.ENSP00000246062"	"9606.ENSP00000258091"	"MKKS"	"CCT7"	9606	0.922	0	0	0	0.684	0.585	0.408	0.116
"9606.ENSP00000254616"	"9606.ENSP00000259569"	"TIMM10B"	"RANBP6"	9606	0.549	0	0	0	0.06	0	0	0.54
"9606.ENSP00000254942"	"9606.ENSP00000305480"	"TERF2"	"FEN1"	9606	0.84	0	0	0	0.067	0.237	0.4	0.67
"9606.ENSP00000258091"	"9606.ENSP00000367498"	"CCT7"	"LRRC47"	9606	0.408	0	0	0	0.317	0.045	0	0.166
"9606.ENSP00000258091"	"9606.ENSP00000480150"	"CCT7"	"HYOU1"	9606	0.441	0.043	0	0	0.31	0.126	0	0.146
"9606.ENSP00000258091"	"9606.ENSP00000270225"	"CCT7"	"SAE1"	9606	0.463	0.042	0	0	0.425	0	0	0.103
"9606.ENSP00000258091"	"9606.ENSP00000319169"	"CCT7"	"PRMT5"	9606	0.502	0	0	0	0.434	0	0	0.156
"9606.ENSP00000258091"	"9606.ENSP00000262030"	"CCT7"	"ATP5F1B"	9606	0.508	0.047	0.22	0	0.258	0	0	0.212
"9606.ENSP00000258091"	"9606.ENSP00000314508"	"CCT7"	"GBA"	9606	0.515	0	0	0	0.043	0	0.5	0.069
"9606.ENSP00000258091"	"9606.ENSP00000437125"	"CCT7"	"HSPA8"	9606	0.922	0.043	0	0	0.579	0.126	0.54	0.594
"9606.ENSP00000259569"	"9606.ENSP00000340672"	"RANBP6"	"ARMCX3"	9606	0.664	0	0	0	0.067	0.65	0	0.052
"9606.ENSP00000259569"	"9606.ENSP00000310668"	"RANBP6"	"NUP93"	9606	0.666	0	0	0	0.115	0.094	0	0.617
"9606.ENSP00000261772"	"9606.ENSP00000367498"	"AARS1"	"LRRC47"	9606	0.433	0.061	0	0	0.312	0	0	0.193
"9606.ENSP00000261772"	"9606.ENSP00000296824"	"AARS1"	"CCDC127"	9606	0.608	0	0	0	0.044	0	0	0.607
"9606.ENSP00000261772"	"9606.ENSP00000480150"	"AARS1"	"HYOU1"	9606	0.709	0.041	0	0	0.107	0.069	0	0.678
"9606.ENSP00000261772"	"9606.ENSP00000316335"	"AARS1"	"FARS2"	9606	0.872	0.055	0	0	0.144	0	0	0.855
"9606.ENSP00000261772"	"9606.ENSP00000358939"	"AARS1"	"SARS1"	9606	0.881	0	0	0	0.311	0.055	0	0.831
"9606.ENSP00000262030"	"9606.ENSP00000424655"	"ATP5F1B"	"COPS4"	9606	0.412	0	0	0	0.072	0	0	0.392
"9606.ENSP00000262030"	"9606.ENSP00000319169"	"ATP5F1B"	"PRMT5"	9606	0.436	0	0.365	0	0.085	0	0	0.105
"9606.ENSP00000262030"	"9606.ENSP00000264867"	"ATP5F1B"	"PPARGC1A"	9606	0.446	0	0	0	0.086	0	0	0.419
"9606.ENSP00000262030"	"9606.ENSP00000320171"	"ATP5F1B"	"PKM"	9606	0.57	0.048	0	0	0.286	0	0	0.418
"9606.ENSP00000262030"	"9606.ENSP00000437125"	"ATP5F1B"	"HSPA8"	9606	0.681	0	0	0	0.422	0.156	0	0.399
"9606.ENSP00000262030"	"9606.ENSP00000356972"	"ATP5F1B"	"NDUFS2"	9606	0.97	0.086	0	0	0.92	0.208	0	0.556
"9606.ENSP00000262030"	"9606.ENSP00000354632"	"ATP5F1B"	"MT-ATP6"	9606	0.999	0.086	0	0	0.643	0.934	0.967	0.576
"9606.ENSP00000262839"	"9606.ENSP00000265709"	"TRPC5"	"ANK1"	9606	0.736	0	0	0	0	0	0	0.736
"9606.ENSP00000264198"	"9606.ENSP00000385110"	"MUL1"	"MIEF1"	9606	0.441	0	0	0	0.078	0	0	0.419
"9606.ENSP00000264198"	"9606.ENSP00000354621"	"MUL1"	"SMURF1"	9606	0.505	0	0	0	0.042	0	0	0.504
"9606.ENSP00000264198"	"9606.ENSP00000416338"	"MUL1"	"MFN2"	9606	0.713	0	0	0	0.082	0.094	0	0.683
"9606.ENSP00000264649"	"9606.ENSP00000354632"	"ATP6V0A1"	"MT-ATP6"	9606	0.837	0	0	0	0.042	0	0.8	0.218
"9606.ENSP00000264867"	"9606.ENSP00000418823"	"PPARGC1A"	"FTO"	9606	0.4	0	0	0	0	0	0	0.4
"9606.ENSP00000264867"	"9606.ENSP00000354665"	"PPARGC1A"	"MT-ND6"	9606	0.425	0	0	0	0	0	0	0.425
"9606.ENSP00000264867"	"9606.ENSP00000365437"	"PPARGC1A"	"GAD2"	9606	0.427	0	0	0	0.062	0	0	0.415
"9606.ENSP00000264867"	"9606.ENSP00000354632"	"PPARGC1A"	"MT-ATP6"	9606	0.452	0	0	0	0	0	0	0.452
"9606.ENSP00000264867"	"9606.ENSP00000320171"	"PPARGC1A"	"PKM"	9606	0.48	0	0	0	0	0	0	0.48
"9606.ENSP00000264867"	"9606.ENSP00000284981"	"PPARGC1A"	"APP"	9606	0.493	0	0	0	0.067	0	0	0.479
"9606.ENSP00000264867"	"9606.ENSP00000342356"	"PPARGC1A"	"OSTN"	9606	0.497	0	0	0	0	0	0	0.497
"9606.ENSP00000264867"	"9606.ENSP00000355231"	"PPARGC1A"	"BECN1"	9606	0.577	0	0	0	0	0	0	0.577
"9606.ENSP00000264867"	"9606.ENSP00000354855"	"PPARGC1A"	"NFE2L1"	9606	0.727	0	0	0	0.073	0	0	0.717
"9606.ENSP00000264867"	"9606.ENSP00000416338"	"PPARGC1A"	"MFN2"	9606	0.791	0	0	0	0.072	0	0	0.784
"9606.ENSP00000264867"	"9606.ENSP00000362570"	"PPARGC1A"	"FNDC5"	9606	0.795	0	0	0	0.067	0	0	0.79
"9606.ENSP00000265097"	"9606.ENSP00000310668"	"THOC3"	"NUP93"	9606	0.587	0	0	0	0.068	0	0.4	0.321
"9606.ENSP00000265709"	"9606.ENSP00000284981"	"ANK1"	"APP"	9606	0.411	0	0	0	0.138	0.071	0	0.323
"9606.ENSP00000265709"	"9606.ENSP00000343158"	"ANK1"	"EPB41L3"	9606	0.556	0	0	0	0.519	0	0	0.116
"9606.ENSP00000265709"	"9606.ENSP00000290524"	"ANK1"	"RFX5"	9606	0.645	0	0	0	0.042	0	0	0.645
"9606.ENSP00000267425"	"9606.ENSP00000365806"	"NOP9"	"GNL1"	9606	0.628	0	0	0	0.601	0.078	0	0.071
"9606.ENSP00000267425"	"9606.ENSP00000381266"	"NOP9"	"WDR4"	9606	0.646	0	0	0	0.646	0	0	0
"9606.ENSP00000270225"	"9606.ENSP00000305480"	"SAE1"	"FEN1"	9606	0.477	0.041	0	0	0.241	0.052	0	0.331
"9606.ENSP00000270225"	"9606.ENSP00000355580"	"SAE1"	"KCNK1"	9606	0.631	0	0	0	0	0	0	0.631
"9606.ENSP00000273130"	"9606.ENSP00000477310"	"DYNC1LI1"	"DYNLL2"	9606	0.968	0	0	0	0.049	0.327	0.9	0.571
"9606.ENSP00000284981"	"9606.ENSP00000314508"	"APP"	"GBA"	9606	0.455	0	0	0	0.074	0	0	0.436
"9606.ENSP00000284981"	"9606.ENSP00000416338"	"APP"	"MFN2"	9606	0.463	0	0	0	0.042	0.069	0	0.447
"9606.ENSP00000284981"	"9606.ENSP00000358674"	"APP"	"UBL4A"	9606	0.5	0	0	0	0.042	0	0.5	0
"9606.ENSP00000284981"	"9606.ENSP00000355231"	"APP"	"BECN1"	9606	0.511	0	0	0	0.049	0	0	0.507
"9606.ENSP00000284981"	"9606.ENSP00000360316"	"APP"	"DHCR24"	9606	0.531	0	0	0	0.067	0.292	0	0.348
"9606.ENSP00000284981"	"9606.ENSP00000308938"	"APP"	"PLG"	9606	0.685	0	0	0	0	0.183	0	0.63
"9606.ENSP00000284981"	"9606.ENSP00000437125"	"APP"	"HSPA8"	9606	0.826	0	0	0	0.049	0.555	0	0.623
"9606.ENSP00000284981"	"9606.ENSP00000477213"	"APP"	"APBB1"	9606	0.999	0	0	0	0.068	0.991	0.9	0.998
"9606.ENSP00000293362"	"9606.ENSP00000358674"	"PSME3"	"UBL4A"	9606	0.407	0	0	0	0.102	0	0	0.367
"9606.ENSP00000293362"	"9606.ENSP00000312411"	"PSME3"	"PPM1E"	9606	0.421	0	0	0	0.042	0.421	0	0
"9606.ENSP00000293362"	"9606.ENSP00000354621"	"PSME3"	"SMURF1"	9606	0.431	0	0	0	0.043	0.292	0	0.229
"9606.ENSP00000296255"	"9606.ENSP00000480150"	"RPN1"	"HYOU1"	9606	0.419	0	0	0	0.19	0	0	0.312
"9606.ENSP00000296255"	"9606.ENSP00000477213"	"RPN1"	"APBB1"	9606	0.536	0	0	0	0.07	0.477	0	0.121
"9606.ENSP00000296255"	"9606.ENSP00000312066"	"RPN1"	"SRP68"	9606	0.606	0	0	0	0.133	0.166	0.5	0
"9606.ENSP00000301908"	"9606.ENSP00000303522"	"PNOC"	"TACR1"	9606	0.424	0	0	0	0	0	0	0.424
"9606.ENSP00000301908"	"9606.ENSP00000378394"	"PNOC"	"PSAP"	9606	0.499	0	0	0	0	0	0.5	0
"9606.ENSP00000305480"	"9606.ENSP00000319169"	"FEN1"	"PRMT5"	9606	0.457	0	0	0	0.22	0	0	0.332
"9606.ENSP00000305480"	"9606.ENSP00000381266"	"FEN1"	"WDR4"	9606	0.529	0	0	0	0.153	0.322	0	0.245
"9606.ENSP00000305480"	"9606.ENSP00000377007"	"FEN1"	"CENPN"	9606	0.564	0	0	0	0.403	0	0	0.3
"9606.ENSP00000306894"	"9606.ENSP00000418823"	"ETV5"	"FTO"	9606	0.475	0	0	0	0	0	0	0.475
"9606.ENSP00000307260"	"9606.ENSP00000344220"	"TBL2"	"PDPK1"	9606	0.659	0	0	0	0.129	0.623	0	0.047
"9606.ENSP00000308938"	"9606.ENSP00000437125"	"PLG"	"HSPA8"	9606	0.403	0	0	0	0.056	0.114	0	0.343
"9606.ENSP00000310668"	"9606.ENSP00000359539"	"NUP93"	"GOT1"	9606	0.428	0	0	0	0.064	0.31	0	0.186
"9606.ENSP00000310668"	"9606.ENSP00000477310"	"NUP93"	"DYNLL2"	9606	0.437	0	0	0	0.056	0.429	0	0
"9606.ENSP00000310668"	"9606.ENSP00000437125"	"NUP93"	"HSPA8"	9606	0.543	0	0	0	0.097	0.183	0.4	0.089
"9606.ENSP00000312185"	"9606.ENSP00000477213"	"ELMO1"	"APBB1"	9606	0.405	0	0	0	0.044	0.303	0	0.178
"9606.ENSP00000314508"	"9606.ENSP00000358466"	"GBA"	"RAB39B"	9606	0.481	0	0	0	0	0	0	0.481
"9606.ENSP00000314508"	"9606.ENSP00000360108"	"GBA"	"DNAJC6"	9606	0.64	0	0	0	0.093	0	0	0.619
"9606.ENSP00000314508"	"9606.ENSP00000378394"	"GBA"	"PSAP"	9606	0.991	0	0	0	0.085	0.094	0.9	0.91
"9606.ENSP00000316335"	"9606.ENSP00000354632"	"FARS2"	"MT-ATP6"	9606	0.434	0.111	0	0	0.171	0	0	0.292
"9606.ENSP00000316335"	"9606.ENSP00000443900"	"FARS2"	"LYRM4"	9606	0.579	0	0	0	0.174	0	0	0.511
"9606.ENSP00000316335"	"9606.ENSP00000358939"	"FARS2"	"SARS1"	9606	0.701	0	0	0	0.195	0	0	0.643
"9606.ENSP00000316335"	"9606.ENSP00000367498"	"FARS2"	"LRRC47"	9606	0.937	0.102	0	0	0.663	0.574	0.449	0.249
"9606.ENSP00000318914"	"9606.ENSP00000451594"	"PNMA1"	"MOAP1"	9606	0.797	0	0	0.065	0.214	0.735	0	0.083
"9606.ENSP00000319169"	"9606.ENSP00000343158"	"PRMT5"	"EPB41L3"	9606	0.61	0	0	0	0.042	0.204	0	0.53
"9606.ENSP00000319169"	"9606.ENSP00000437125"	"PRMT5"	"HSPA8"	9606	0.649	0	0	0	0.101	0.569	0	0.166
"9606.ENSP00000320171"	"9606.ENSP00000443459"	"PKM"	"BCAT1"	9606	0.408	0.058	0	0	0.091	0	0	0.364
"9606.ENSP00000320171"	"9606.ENSP00000360316"	"PKM"	"DHCR24"	9606	0.452	0.042	0	0	0.073	0.058	0.301	0.207
"9606.ENSP00000320171"	"9606.ENSP00000359539"	"PKM"	"GOT1"	9606	0.49	0	0	0	0.121	0.176	0	0.352
"9606.ENSP00000320171"	"9606.ENSP00000437125"	"PKM"	"HSPA8"	9606	0.566	0.046	0	0	0.22	0.071	0	0.446
"9606.ENSP00000320171"	"9606.ENSP00000416338"	"PKM"	"MFN2"	9606	0.576	0	0	0	0.056	0	0	0.569
"9606.ENSP00000332565"	"9606.ENSP00000358865"	"SULT4A1"	"INA"	9606	0.408	0	0	0	0.36	0	0	0.113
"9606.ENSP00000332565"	"9606.ENSP00000406157"	"SULT4A1"	"PAPSS2"	9606	0.417	0	0	0	0.059	0	0	0.405
"9606.ENSP00000341819"	"9606.ENSP00000401197"	"VWC2"	"USP19"	9606	0.406	0	0	0	0.056	0	0	0.397
"9606.ENSP00000342356"	"9606.ENSP00000362570"	"OSTN"	"FNDC5"	9606	0.619	0	0	0	0.068	0	0	0.608
"9606.ENSP00000344071"	"9606.ENSP00000354920"	"METTL24"	"EEF1AKNMT"	9606	0.649	0	0	0	0	0	0	0.649
"9606.ENSP00000344220"	"9606.ENSP00000425587"	"PDPK1"	"EXOC3"	9606	0.465	0	0	0	0.436	0	0	0.091
"9606.ENSP00000347457"	"9606.ENSP00000412524"	"DNM3"	"TMEM169"	9606	0.401	0	0	0	0.056	0	0	0.391
"9606.ENSP00000347457"	"9606.ENSP00000416338"	"DNM3"	"MFN2"	9606	0.502	0	0	0	0.062	0.307	0	0.296
"9606.ENSP00000347457"	"9606.ENSP00000393566"	"DNM3"	"HLA-DPA1"	9606	0.51	0	0	0	0.061	0	0.5	0
"9606.ENSP00000347457"	"9606.ENSP00000360108"	"DNM3"	"DNAJC6"	9606	0.568	0	0	0	0.151	0.28	0	0.351
"9606.ENSP00000350928"	"9606.ENSP00000356972"	"GAD1"	"NDUFS2"	9606	0.419	0	0	0	0	0	0.414	0.05
"9606.ENSP00000350928"	"9606.ENSP00000384551"	"GAD1"	"NXPH1"	9606	0.425	0	0	0	0.196	0	0	0.314
"9606.ENSP00000350928"	"9606.ENSP00000411197"	"GAD1"	"TBC1D9"	9606	0.437	0	0	0	0.074	0	0	0.417
"9606.ENSP00000350928"	"9606.ENSP00000437125"	"GAD1"	"HSPA8"	9606	0.535	0	0	0	0.054	0.07	0.5	0.067
"9606.ENSP00000350928"	"9606.ENSP00000377854"	"GAD1"	"LHX6"	9606	0.697	0	0	0	0.118	0	0	0.67
"9606.ENSP00000350928"	"9606.ENSP00000359539"	"GAD1"	"GOT1"	9606	0.845	0	0	0	0.057	0	0.8	0.244
"9606.ENSP00000350928"	"9606.ENSP00000362888"	"GAD1"	"ADO"	9606	0.909	0	0	0	0	0	0.9	0.128
"9606.ENSP00000350928"	"9606.ENSP00000365437"	"GAD1"	"GAD2"	9606	0.968	0	0	0.056	0.212	0.321	0.9	0.464
"9606.ENSP00000352738"	"9606.ENSP00000437125"	"G3BP2"	"HSPA8"	9606	0.558	0	0	0	0.166	0.09	0	0.465
"9606.ENSP00000354632"	"9606.ENSP00000443900"	"MT-ATP6"	"LYRM4"	9606	0.4	0	0	0	0.088	0	0	0.368
"9606.ENSP00000354632"	"9606.ENSP00000416338"	"MT-ATP6"	"MFN2"	9606	0.448	0	0	0	0.067	0	0	0.433
"9606.ENSP00000354632"	"9606.ENSP00000356972"	"MT-ATP6"	"NDUFS2"	9606	0.687	0.165	0	0	0.281	0	0	0.521
"9606.ENSP00000354632"	"9606.ENSP00000354665"	"MT-ATP6"	"MT-ND6"	9606	0.995	0	0	0.211	0.793	0	0	0.974
"9606.ENSP00000354665"	"9606.ENSP00000356972"	"MT-ND6"	"NDUFS2"	9606	0.995	0	0	0	0	0.894	0.851	0.752
"9606.ENSP00000355231"	"9606.ENSP00000450524"	"BECN1"	"MAP1LC3B2"	9606	0.495	0	0	0	0	0.071	0	0.479
"9606.ENSP00000355231"	"9606.ENSP00000401197"	"BECN1"	"USP19"	9606	0.504	0	0	0	0.062	0.292	0	0.313
"9606.ENSP00000355231"	"9606.ENSP00000477310"	"BECN1"	"DYNLL2"	9606	0.517	0	0	0	0.074	0	0.5	0
"9606.ENSP00000355231"	"9606.ENSP00000437125"	"BECN1"	"HSPA8"	9606	0.549	0	0	0	0.06	0.046	0	0.538
"9606.ENSP00000355231"	"9606.ENSP00000402301"	"BECN1"	"LAPTM4B"	9606	0.621	0	0	0	0	0	0	0.621
"9606.ENSP00000355231"	"9606.ENSP00000416338"	"BECN1"	"MFN2"	9606	0.669	0	0	0	0.056	0	0	0.664
"9606.ENSP00000356972"	"9606.ENSP00000443900"	"NDUFS2"	"LYRM4"	9606	0.428	0	0	0	0.085	0	0	0.401
"9606.ENSP00000356972"	"9606.ENSP00000365437"	"NDUFS2"	"GAD2"	9606	0.429	0	0	0	0	0	0.414	0.066
"9606.ENSP00000358466"	"9606.ENSP00000360108"	"RAB39B"	"DNAJC6"	9606	0.662	0	0	0	0.067	0.094	0	0.632
"9606.ENSP00000358674"	"9606.ENSP00000437125"	"UBL4A"	"HSPA8"	9606	0.511	0	0	0	0.087	0.362	0	0.227
"9606.ENSP00000359539"	"9606.ENSP00000443459"	"GOT1"	"BCAT1"	9606	0.473	0	0	0	0.051	0	0	0.467
"9606.ENSP00000359539"	"9606.ENSP00000365437"	"GOT1"	"GAD2"	9606	0.837	0	0	0	0.055	0	0.8	0.206
"9606.ENSP00000360108"	"9606.ENSP00000437125"	"DNAJC6"	"HSPA8"	9606	0.999	0	0	0	0	0.904	0.9	0.996
"9606.ENSP00000362888"	"9606.ENSP00000365437"	"ADO"	"GAD2"	9606	0.91	0	0	0	0	0	0.9	0.139
"9606.ENSP00000365437"	"9606.ENSP00000384551"	"GAD2"	"NXPH1"	9606	0.531	0	0	0	0.195	0	0	0.442
"9606.ENSP00000365437"	"9606.ENSP00000377854"	"GAD2"	"LHX6"	9606	0.563	0	0	0	0.084	0	0	0.542
"9606.ENSP00000365437"	"9606.ENSP00000437125"	"GAD2"	"HSPA8"	9606	0.569	0	0	0	0.054	0.07	0.5	0.136
"9606.ENSP00000365806"	"9606.ENSP00000395249"	"GNL1"	"RETREG2"	9606	0.558	0	0	0	0.3	0.312	0	0.156
"9606.ENSP00000380794"	"9606.ENSP00000437125"	"CHMP7"	"HSPA8"	9606	0.413	0	0	0	0.062	0	0.4	0
"9606.ENSP00000384551"	"9606.ENSP00000385110"	"NXPH1"	"MIEF1"	9606	0.422	0	0	0.422	0	0	0	0
"9606.ENSP00000385110"	"9606.ENSP00000416338"	"MIEF1"	"MFN2"	9606	0.809	0	0	0	0.14	0.099	0	0.773
"9606.ENSP00000398568"	"9606.ENSP00000454623"	"PRF1"	"ITGAX"	9606	0.632	0	0	0	0.147	0	0	0.586
"9606.ENSP00000401197"	"9606.ENSP00000437125"	"USP19"	"HSPA8"	9606	0.502	0	0	0	0.061	0.294	0	0.307
"9606.ENSP00000424655"	"9606.ENSP00000446039"	"COPS4"	"COPS7A"	9606	0.999	0	0	0	0.134	0.997	0.9	0.972
"9606.ENSP00000437125"	"9606.ENSP00000480150"	"HSPA8"	"HYOU1"	9606	0.746	0	0	0.109	0.062	0.366	0	0.577
